ID,Species,Name,CC,Age,Lat,Long
988,Rudapithecus,RUD 200,234,9.85,48.37503889,20.62085
987,Rudapithecus,RUD 77,326,9.85,48.37503889,20.62085
986,Sahelanthropus,TM 266-01-060,365,7,16.25,17.5
985,Ar. ramidus,ARA-VP-6/500,300,4.4,10.5,40.5
984,A. anamensis,MRD-VP-1/1,367,3.8,11.5,40.75
983,A. afarensis,AL 162-28,393,3.2,11.16666667,40.63333333
982,A. afarensis,AL 333-45,488,3.2,11.16666667,40.63333333
981,A. afarensis,AL 288-1,388,3.18,11.16666667,40.63333333
980,A. afarensis,AL 822-1,382,3.1,11.16666667,40.63333333
979,A. afarensis,AL 444-2,522,3,11.16666667,40.63333333
978,A. africanus,MLD 37/38,430,2.65,-24.15861111,29.17694444
977,A. africanus,MLD 1,510,2.65,-24.15861111,29.17694444
976,A. aethiopicus,KNM-WT 17000,410,2.5,4.125,35.855
975,A. garhi,Bouri,450,2.5,10,40
974,A. boisei,Omo L388y-6,427,2.38,4.80035,35.9671
973,A. africanus,Stw 505,555,2.35,-26.01604,27.73456
972,A. boisei,Omo 323-1976-896,490,2.23,4.80035,35.9671
971,A. africanus,Sts 60,400,2.1,-26.01604,27.73456
970,A. africanus,Sts 71,428,2.1,-26.01604,27.73456
969,A. africanus,Sts 19/58,436,2.1,-26.01604,27.73456
967,A. africanus,Sts 5,485,2.1,-26.01604,27.73456
966,A. robustus,DNH 155,450,2,-25.96888889,27.75583333
965,A. sediba,MH 1,420,1.977,-25.895147,27.801324
964,H. habilis,KNM-ER 1813,509,1.89,3.94777778,36.18722222
963,H. habilis,KNM-ER 1805,582,1.89,3.94777778,36.18722222
962,H. habilis,OH 24,597,1.88,-2.98333,35.35
961,H. rudolfensis,KNM-ER 3732,750,1.88,3.94777778,36.18722222
960,H. rudolfensis,KNM-ER 1470,752,1.88,3.94777778,36.18722222
959,A. boisei,KNM-WT 13750,475,1.87,3.94777778,36.18722222
958,A. boisei,KNM-ER 23000,491,1.87,3.94777778,36.18722222
957,A. boisei,KNM-ER 407,510,1.85,3.94777778,36.18722222
956,H. rudolfensis,KNM-ER 1590,825,1.85,3.94777778,36.18722222
955,A. boisei,OH 5,523,1.82,-2.98333,35.35
954,H. habilis,OH 7,777,1.8,-2.98333,35.35
953,A. boisei,KNM-WT 17400,400,1.77,4.050084,35.781132
952,H. erectus,D5000,546,1.77,41.33222222,44.20444444
951,H. erectus,D2700,600,1.77,41.33222222,44.20444444
950,H. erectus,D3444,650,1.77,41.33222222,44.20444444
949,H. erectus,D2282,655,1.77,41.33222222,44.20444444
948,H. erectus,D2280,775,1.77,41.33222222,44.20444444
947,A. robustus,Drimolen,530,1.75,-25.96888889,27.75583333
946,H. habilis,OH 16,638,1.67,-2.98333,35.35
945,A. robustus,SK 1585,530,1.65,-25.967231,27.66244
944,H. erectus,Gongwang 1,780,1.63,34.183534,109.494149
943,H. erectus,KNM-ER 3733,848,1.63,3.94777778,36.18722222
942,H. erectus,Sangiran 4,908,1.62,-7.45,110.85
941,H. habilis,OH 13,673,1.6,-2.98333,35.35
940,A. boisei,KNM-ER 732,500,1.58,3.94777778,36.18722222
939,A. boisei,KNM-ER 406,500,1.58,3.94777778,36.18722222
938,H. erectus,KNM-ER 3883,804,1.57,3.94777778,36.18722222
936,H. erectus,KNM-ER 42700,691,1.55,3.94777778,36.18722222
935,H. erectus,Sangiran 38,850,1.52,-7.45,110.85
934,H. erectus,KNM-WT 15000,880,1.49,4.125,35.855
933,A. boisei,Konso,545,1.42,5.341666667,37.44166667
932,H. erectus,Sangiran 2,813,1.29,-7.45,110.85
931,H. erectus,Sangiran 10,855,1.29,-7.45,110.85
930,H. erectus,Sangiran 17,1004,1.29,-7.45,110.85
929,H. erectus,Sangiran 12,1059,1.29,-7.45,110.85
927,H. erectus,Grogol-Wetan (Gwn-1993.09),850,1.25,-7.45,110.85
926,H. erectus,Sangiran IX,870,1.25,-7.45,110.85
925,H. erectus,Bukaran (SBK-1996.02),916,1.25,-7.45,110.85
924,H. erectus,OH 9,1067,1.25,-2.98333,35.35
923,H. erectus,Buia,900,1,14.8325465,39.8503486
922,H. erectus,Daka,986,1,10,40
921,H. erectus,Yunxian,1050,0.936,32.83388889,110.5847222
920,H. erectus,Trinil 2,940,0.9,-7.3743,111.3578
919,H. erectus,Sangiran 3,950,0.9,-7.45,110.85
918,H. heidelbergensis,Ceprano,1150,0.85,41.55,13.51666667
917,H. erectus,ZKD III,915,0.73,39.68916667,115.9238889
916,H. erectus,Zhoukodian Z-11,1015,0.73,39.68916667,115.9238889
915,H. erectus,Zhoukodian Z-2,1030,0.73,39.68916667,115.9238889
914,H. erectus,Zhoukodian Z12,1030,0.73,39.68916667,115.9238889
913,H. erectus,Zhoukodian Z10,1225,0.73,39.68916667,115.9238889
912,H. erectus,OH 12,727,0.7,-2.98333,35.35
911,H. erectus,Nanjing,876,0.6,31.95478,118.83492
910,H. heidelbergensis,Bodo,1250,0.6,10.61743823,40.53470724
909,H. erectus,Ngawi,870,0.5,-7.401111111,111.445
908,H. heidelbergensis,Saldanha,1225,0.5,-33.06666667,18.35
907,H. erectus,ZKD V,1140,0.45,39.68916667,115.9238889
906,H. heidelbergensis,Arago,1166,0.45,42.81416667,2.746388889
905,H. heidelbergensis,Atapuerca 5,1092,0.43,42.350092,-3.519466
904,H. heidelbergensis,Atapuerca 7,1144,0.43,42.350092,-3.519466
903,H. heidelbergensis,Atapuerca 10,1218,0.43,42.350092,-3.519466
902,H. heidelbergensis,Atapuerca 17,1219,0.43,42.350092,-3.519466
901,H. heidelbergensis,Atapuerca 12,1228,0.43,42.350092,-3.519466
900,H. heidelbergensis,Atapuerca 16,1236,0.43,42.350092,-3.519466
899,H. heidelbergensis,Atapuerca 15,1284,0.43,42.350092,-3.519466
898,H. heidelbergensis,Atapuerca 2,1334,0.43,42.350092,-3.519466
897,H. heidelbergensis,Atapuerca 4,1360,0.43,42.350092,-3.519466
896,H. heidelbergensis,Atapuerca 13,1437,0.43,42.350092,-3.519466
895,H. erectus,Hexian,1025,0.412,31.68055556,118.2702778
894,H. heidelbergensis,Ndutu,1100,0.4,-3.002012717,34.99709835
893,H. sapiens,Jebel Irhoud 1,1305,0.3,31.85498056,-8.872505556
892,H. heidelbergensis,Swanscombe,1325,0.3,51.4456,0.299111
891,H. sapiens,Jebel Irhoud 2,1400,0.3,31.85498056,-8.872505556
890,H. heidelbergensis,Kabwe,1325,0.299,-14.46,28.435
889,H. naledi,DH3/DH4,465,0.286,-25.9167,27.7833
888,H. naledi,DH1/DH2,560,0.286,-25.9167,27.7833
887,H. naledi,LES 1,610,0.286,-25.9167,27.7833
886,H. heidelbergensis,Jinniushan,1390,0.28,40.578107,122.450425
885,H. heidelbergensis,Guomde,1400,0.272,3.94777778,36.18722222
884,H. neanderthalensis,Apidima 2,1454,0.252,36.666946,22.361747
883,H. neanderthalensis,Saccopastore 1,1174,0.25,41.9424,12.5007
882,H. neanderthalensis,Saccopastore 2,1300,0.25,41.9424,12.5007
881,H. heidelbergensis,Sale,880,0.24,34.05,-6.816667
880,H. heidelbergensis,Narmada,1260,0.236,22.66666667,77.83333333
879,H. heidelbergensis,Ehringsdorf,1450,0.23,50.98111111,11.32944444
878,H. heidelbergensis,Steinheim,1140,0.225,48.9683,9.27611
877,H. heidelbergensis,Eliye Springs (KNM-ER 11693),1212,0.225,3.235769,36.022198
876,H. heidelbergensis,Petralona,1230,0.21,40.369697,23.159151
875,H. heidelbergensis,Dali,1120,0.209,34.79546,109.9402
874,H. neanderthalensis,Reilingen,1430,0.2,49.29472222,8.569166667
873,H. sapiens,Omo 2 (Kibbish),1435,0.195,4.80035,35.9671
872,H. neanderthalensis,Biache,1200,0.175,50.31166667,2.944166667
871,H. neanderthalensis,Fontechevade II,1350,0.16,45.6783,0.478889
870,H. sapiens,Herto,1450,0.16,10,40
869,H. neanderthalensis,La Chaise,1065,0.15,45.671186,0.444509
868,H. longi,Harbin,1420,0.148,45.75,126.6333333
867,H. sapiens,Singa 1,1550,0.133,13.14833333,33.93111111
866,H. neanderthalensis,Krapina 6 (Cranium E),1205,0.13,46.165439,15.86319
865,H. neanderthalensis,Lazaret,1250,0.13,43.69073056,7.294788889
864,H. neanderthalensis,Krapina 3,1255,0.13,46.165439,15.86319
863,H. sapiens,Yinkou,1390,0.13,40.578107,122.450425
862,H. sapiens,Skhul 1,1450,0.13,32.62586389,34.95851944
861,H. neanderthalensis,Krapina 2,1450,0.13,46.165439,15.86319
860,H. sapiens,Skhul 5,1520,0.13,32.62586389,34.95851944
859,H. neanderthalensis,Krapina 5,1535,0.13,46.165439,15.86319
858,H. sapiens,Skhul 4,1554,0.13,32.62586389,34.95851944
857,H. sapiens,Skhul 9,1590,0.13,32.62586389,34.95851944
856,H. sapiens,Laetoli 18,1367,0.12,-2.99622,35.3524
855,H. erectus,Xuchang 1,1800,0.115,34.069056,113.679861
854,H. erectus,Ngandong 7,1028,0.11,-6.8505,112.5753
853,H. erectus,Ngandong 14,1090,0.11,-6.8505,112.5753
852,H. erectus,Ngandong (Solo 9),1135,0.11,-6.8505,112.5753
851,H. erectus,Ngandong 1,1172,0.11,-6.8505,112.5753
850,H. erectus,Ngandong 13,1231,0.11,-6.8505,112.5753
849,H. erectus,Ngandong 6,1251,0.11,-6.8505,112.5753
848,H. neanderthalensis,Tabun 1,1271,0.11,32.6705,34.9655
847,H. sapiens,Qafzeh 11,1280,0.11,32.6885184,35.31799793
846,H. sapiens,Qafzeh 9,1531,0.11,32.6885184,35.31799793
845,H. sapiens,Qafzeh 6,1568,0.11,32.6885184,35.31799793
844,H. neanderthalensis,Ganovce,1320,0.09,49.03194444,20.32361111
843,H. sapiens,Border Cave,1522,0.09,-27.025833,31.988889
842,H. neanderthalensis,Teshik Tash,1525,0.07,37.96596389,67.15651111
841,H. neanderthalensis,La Ferrassie,1640,0.07,44.95180556,0.93805556
840,H. neanderthalensis,Spy 1,1305,0.068,50.48019444,4.6745
839,H. neanderthalensis,Spy 2,1553,0.068,50.48019444,4.6745
838,H. sapiens,Liujiang,1480,0.067,24.26016,109.33158
837,H. neanderthalensis,La Quina 5,1172,0.065,45.5072,0.292778
836,H. neanderthalensis,La Quina 18,1200,0.065,45.5072,0.292778
835,H. floresiensis,LB1,419,0.06,-8.534166667,120.4602778
834,H. neanderthalensis,Engis 2,1362,0.06,50.5922,5.40889
833,H. neanderthalensis,Shanidar 5,1550,0.06,36.8006,44.2433
832,H. neanderthalensis,Shanidar 1,1600,0.06,36.8006,44.2433
831,H. erectus,Sambungmacan 3,917,0.055,-6.8505,112.5753
830,H. erectus,Sambungmacan 4,1006,0.055,-6.8505,112.5753
829,H. erectus,Sambungmacan 1,1035,0.055,-6.8505,112.5753
828,H. sapiens,Manot Cave,1100,0.0547,33.035125,35.193293
827,H. neanderthalensis,Mt. Circeo,1360,0.052,41.23109,13.05553
826,H. neanderthalensis,Gibraltar,1200,0.05,36.146716,-5.346641
825,H. neanderthalensis,Devils Tower,1400,0.05,36.145649,-5.341438
824,H. neanderthalensis,La Chapelle,1625,0.05,44.98194444,1.713333333
823,H. sapiens,Ryonggok 7,1450,0.047,38.86028,126.07083
822,H. sapiens,Ryonggok 3,1650,0.047,38.86028,126.07083
821,H. neanderthalensis,Le Moustier,1565,0.041,44.99389,1.06
820,H. neanderthalensis,Amud,1740,0.041,32.88091944,35.50326389
818,H. sapiens,Liujiang,1567,0.04,24.26016,109.33158
817,H. sapiens,Nazlet Khater 2,1420,0.0376,26.782778,31.373056
816,H. sapiens,Hofmeyr,1580,0.036,-31.6333,25.8
815,H. sapiens,Chatelperron (les Fees),1425,0.033,46.4117,3.63833
814,H. sapiens,Wadjak 1,1464,0.033,-8.096944444,112.7352778
813,H. sapiens,Wadjak 2,1650,0.033,-8.096944444,112.7352778
812,H. sapiens,Mladec 5,1650,0.032,49.7064,17.0167
811,H. sapiens,Jingchuan,1524,0.0315,35.33264,107.36113
810,H. sapiens,Mladec 2,1390,0.0313,49.7064,17.0167
809,H. sapiens,Mladec 1,1540,0.0312,49.7064,17.0167
808,H. sapiens,Ziyang,1210,0.03,30.27837,105.02733
807,H. sapiens,Zhoukoudian (Upper Cave) 3,1290,0.029,39.68916667,115.9238889
806,H. sapiens,Zhoukoudian (Upper Cave) 2,1380,0.029,39.68916667,115.9238889
805,H. sapiens,Zhoukoudian (Upper Cave) 1,1500,0.029,39.68916667,115.9238889
804,H. sapiens,Cioclovina,1499,0.0285,45.571,23.231
803,H. sapiens,Combe Capelle,1570,0.028,44.75277778,0.8486111111
802,H. sapiens,Cro-Magnon 2,1402,0.0277,44.94027778,1.009722222
801,H. sapiens,Cro-Magnon 3,1590,0.0277,44.94027778,1.009722222
800,H. sapiens,Cro-Magnon 1,1730,0.0277,44.94027778,1.009722222
799,H. sapiens,Grotte des Infants 5,1375,0.0275,43.78333333,7.53555556
798,H. sapiens,Grotte des Infants 6,1580,0.0275,43.78333333,7.53555556
797,H. sapiens,Grotte des Infants 4,1775,0.0275,43.78333333,7.53555556
796,H. sapiens,Sungir 1,1464,0.0271,56.17583333,40.50916667
793,H. sapiens,Dolni Vestonice 14,1538,0.0266,48.88333,16.65
795,H. sapiens,Dolni Vestonice 15,1378,0.0266,48.88333,16.65
794,H. sapiens,Dolni Vestonice 13,1481,0.0266,48.88333,16.65
784,H. sapiens,Predmosti 3,1580,0.026,49.4833,17.4286
792,H. sapiens,Predmosti 4,1250,0.026,49.4833,17.4286
791,H. sapiens,Dolni Vestonice 3,1285,0.026,48.88333,16.65
783,H. sapiens,Brno I,1600,0.026,49.19527778,16.60833333
790,H. sapiens,Brno III,1304,0.026,49.19527778,16.60833333
789,H. sapiens,Sungir 3,1361,0.026,56.17583333,40.50916667
788,H. sapiens,Predmosti 10,1452,0.026,49.4833,17.4286
787,H. sapiens,Pavlov 1,1472,0.026,48.87418377,16.67225204
786,H. sapiens,WLH 50,1540,0.026,-33.618142,143.101406
785,H. sapiens,Predmosti 9,1555,0.026,49.4833,17.4286
782,H. sapiens,Dolni Vestonice 16,1547,0.0256,48.88333,16.65
781,H. sapiens,Barma Grande II,1748,0.0248,43.78405735,7.534711773
780,H. sapiens,Veyrier 1,1430,0.024,46.16666667,6.183333333
779,H. sapiens,Sungir 5,1453,0.024,56.17583333,40.50916667
777,H. sapiens,Kostenki 2,1605,0.0238,51.38583333,39.05166667
778,H. sapiens,Sungir 2,1267,0.0238,56.17583333,40.50916667
776,H. sapiens,Brno II,1500,0.0237,49.19527778,16.60833333
775,H. sapiens,Arene Candide 1-IP,1490,0.0234,44.1623257,8.3282707
774,H. sapiens,Kostenki 14,1222,0.0228,51.38583333,39.05166667
773,H. sapiens,Mollet III,1521,0.02233,42.163007,2.747847
772,H. sapiens,Pataud 1,1380,0.022,44.93695833,1.012733333
771,H. sapiens,Roc de Sers,1380,0.01923,45.5742058,0.3286117033
770,H. sapiens,Roc de Sers,1485,0.01923,45.5742058,0.3286117033
769,H. sapiens,Cohuna,1447,0.019,-35.8,144.2
768,H. sapiens,Minatogawa 4,1170,0.0183,26.12188889,127.7426667
767,H. sapiens,Minatogawa 2,1170,0.0183,26.12188889,127.7426667
766,H. sapiens,Minatogawa 1,1335,0.0183,26.12188889,127.7426667
765,H. sapiens,Le Placard,1300,0.018,45.68111111,0.42
764,H. sapiens,Rond-du-Barry 8,1515,0.0171,45.04333333,3.885
763,H. sapiens,"Taforalt, Algeria",1279,0.0168,34.81055556,-2.408333333
762,H. sapiens,"Taforalt, Algeria",1360,0.0168,34.81055556,-2.408333333
761,H. sapiens,"Taforalt, Algeria",1385,0.0168,34.81055556,-2.408333333
760,H. sapiens,"Taforalt, Algeria",1390,0.0168,34.81055556,-2.408333333
759,H. sapiens,"Taforalt, Algeria",1435,0.0168,34.81055556,-2.408333333
758,H. sapiens,"Taforalt, Algeria",1478,0.0168,34.81055556,-2.408333333
757,H. sapiens,"Taforalt, Algeria",1585,0.0168,34.81055556,-2.408333333
756,H. sapiens,"Taforalt, Algeria",1622,0.0168,34.81055556,-2.408333333
755,H. sapiens,"Taforalt, Algeria",1623,0.0168,34.81055556,-2.408333333
754,H. sapiens,"Taforalt, Algeria",1645,0.0168,34.81055556,-2.408333333
753,H. sapiens,"Taforalt, Algeria",1660,0.0168,34.81055556,-2.408333333
752,H. sapiens,"Taforalt, Algeria",1660,0.0168,34.81055556,-2.408333333
751,H. sapiens,"Taforalt, Algeria",1675,0.0168,34.81055556,-2.408333333
750,H. sapiens,"Taforalt, Algeria",1685,0.0168,34.81055556,-2.408333333
749,H. sapiens,"Taforalt, Algeria",1686,0.0168,34.81055556,-2.408333333
748,H. sapiens,"Taforalt, Algeria",1689,0.0168,34.81055556,-2.408333333
747,H. sapiens,"Taforalt, Algeria",1700,0.0168,34.81055556,-2.408333333
746,H. sapiens,"Taforalt, Algeria",1738,0.0168,34.81055556,-2.408333333
745,H. sapiens,"Taza, Algeria",1125,0.016,36.7002,5.5594
744,H. sapiens,St. Germain-la-Rivie,1354,0.0158,44.94777778,-0.3325
743,H. sapiens,Chancelade,1530,0.0153,45.20555556,0.6655555556
742,H. sapiens,Bruniquel 2,1555,0.0153,44.05583333,1.665555556
741,H. sapiens,Cap Blanc 1,1434,0.015,44.9456,1.09694
740,H. sapiens,Coobool Creek,1117,0.014,-35.33333333,143.55
739,H. sapiens,Coobool Creek,1225,0.014,-35.33333333,143.55
738,H. sapiens,Coobool Creek,1256,0.014,-35.33333333,143.55
737,H. sapiens,Mas d'Azil,1275,0.014,43.08055556,1.360555556
736,H. sapiens,Coobool Creek,1278,0.014,-35.33333333,143.55
735,H. sapiens,Coobool Creek,1281,0.014,-35.33333333,143.55
734,H. sapiens,Coobool Creek,1302,0.014,-35.33333333,143.55
733,H. sapiens,Coobool Creek,1305,0.014,-35.33333333,143.55
732,H. sapiens,Coobool Creek,1324,0.014,-35.33333333,143.55
731,H. sapiens,Coobool Creek,1324,0.014,-35.33333333,143.55
730,H. sapiens,Coobool Creek,1371,0.014,-35.33333333,143.55
729,H. sapiens,Coobool Creek,1387,0.014,-35.33333333,143.55
728,H. sapiens,Coobool Creek,1397,0.014,-35.33333333,143.55
727,H. sapiens,Coobool Creek,1413,0.014,-35.33333333,143.55
726,H. sapiens,Coobool Creek,1437,0.014,-35.33333333,143.55
725,H. sapiens,Coobool Creek,1441,0.014,-35.33333333,143.55
724,H. sapiens,Coobool Creek,1444,0.014,-35.33333333,143.55
723,H. sapiens,Coobool Creek,1444,0.014,-35.33333333,143.55
722,H. sapiens,Coobool Creek,1463,0.014,-35.33333333,143.55
721,H. sapiens,Coobool Creek,1470,0.014,-35.33333333,143.55
720,H. sapiens,Coobool Creek,1483,0.014,-35.33333333,143.55
719,H. sapiens,San Teodoro 5,1484,0.014,38.04798646,14.59134958
718,H. sapiens,Coobool Creek,1502,0.014,-35.33333333,143.55
717,H. sapiens,Coobool Creek,1511,0.014,-35.33333333,143.55
716,H. sapiens,Coobool Creek,1538,0.014,-35.33333333,143.55
715,H. sapiens,Coobool Creek,1541,0.014,-35.33333333,143.55
714,H. sapiens,San Teodoro 3,1560,0.014,38.04798646,14.59134958
713,H. sapiens,San Teodoro 1,1565,0.014,38.04798646,14.59134958
712,H. sapiens,San Teodoro 2,1569,0.014,38.04798646,14.59134958
711,H. sapiens,"MLDG, China",1327,0.0139,40.73958,114.90773
710,H. sapiens,Les Hoteaux,1403,0.013,45.8381,5.58653
709,H. sapiens,Ortucchio 1,1302,0.0126,41.93711111,13.60319444
708,H. sapiens,Oberkassel 2,1370,0.0122,50.71388889,7.166666667
707,H. sapiens,Keilor,1497,0.012,-37.7043,144.838
706,H. sapiens,Laugerie-Basse,1505,0.012,44.95097222,0.9991666667
705,H. sapiens,Arene Candide  1,1414,0.0118,44.1623257,8.3282707
704,H. sapiens,Arene Candide 2,1424,0.0118,44.1623257,8.3282707
703,H. sapiens,Arene Candide 4,1520,0.0118,44.1623257,8.3282707
702,H. sapiens,Arene Candide 5,1661,0.0118,44.1623257,8.3282707
701,H. sapiens,Le Bichon 1,1465,0.0117,47.15172,6.84824
700,H. sapiens,Oberkassel 1,1500,0.0116,50.71388889,7.166666667
688,H. sapiens,"Afalou, Algeria",1577,0.0115,36.64714594,5.378072103
698,H. sapiens,"Afalou, Algeria",1249,0.0115,36.64714594,5.378072103
697,H. sapiens,"Afalou, Algeria",1266,0.0115,36.64714594,5.378072103
696,H. sapiens,"Afalou, Algeria",1291,0.0115,36.64714594,5.378072103
695,H. sapiens,"Afalou, Algeria",1316,0.0115,36.64714594,5.378072103
694,H. sapiens,"Afalou, Algeria",1475,0.0115,36.64714594,5.378072103
693,H. sapiens,"Afalou, Algeria",1486,0.0115,36.64714594,5.378072103
692,H. sapiens,"Afalou, Algeria",1519,0.0115,36.64714594,5.378072103
691,H. sapiens,"Afalou, Algeria",1520,0.0115,36.64714594,5.378072103
690,H. sapiens,"Afalou, Algeria",1530,0.0115,36.64714594,5.378072103
689,H. sapiens,"Afalou, Algeria",1536,0.0115,36.64714594,5.378072103
699,H. sapiens,"Afalou, Algeria",1154,0.0115,36.64714594,5.378072103
687,H. sapiens,"Afalou, Algeria",1581,0.0115,36.64714594,5.378072103
686,H. sapiens,"Afalou, Algeria",1584,0.0115,36.64714594,5.378072103
685,H. sapiens,"Afalou, Algeria",1597,0.0115,36.64714594,5.378072103
684,H. sapiens,"Afalou, Algeria",1604,0.0115,36.64714594,5.378072103
683,H. sapiens,"Afalou, Algeria",1630,0.0115,36.64714594,5.378072103
682,H. sapiens,"Afalou, Algeria",1630,0.0115,36.64714594,5.378072103
681,H. sapiens,"Afalou, Algeria",1672,0.0115,36.64714594,5.378072103
680,H. sapiens,"Afalou, Algeria",1672,0.0115,36.64714594,5.378072103
679,H. sapiens,"Afalou, Algeria",1697,0.0115,36.64714594,5.378072103
678,H. sapiens,"Afalou, Algeria",1700,0.0115,36.64714594,5.378072103
677,H. sapiens,"Afalou, Algeria",1713,0.0115,36.64714594,5.378072103
676,H. sapiens,"Afalou, Algeria",1716,0.0115,36.64714594,5.378072103
675,H. sapiens,"Afalou, Algeria",1774,0.0115,36.64714594,5.378072103
674,H. sapiens,Nacurrie,1597,0.0114,-35.33333333,143.55
673,H. sapiens,Moƒça,1277.3,0.0113,47.760278,18.409444
672,H. sapiens,Duruthy,1140,0.011,43.52888889,-1.053888889
671,H. sapiens,Cheix,1470,0.011,45.95833333,3.173611111
670,H. sapiens,Tuinplaas,1589,0.011,-26,28
669,H. sapiens,Naivasha,1453,0.01085,-0.7685277778,36.35064444
668,H. sapiens,"Aveline's Hole, Somerset",1450,0.0103,51.3247,-2.75333
667,H. sapiens,Mai Da Nuoc,1429.7,0.01,20.333,105.25
666,H. sapiens,Tepaxpan,1540,0.01,19.5,-98.99
665,H. sapiens,Boskop,1650,0.01,-26.564,27.14
664,H. sapiens,Hotu 2,1404,0.0093,36.65111111,53.58833333
663,H. sapiens,Hotu 3,1440,0.0093,36.65111111,53.58833333
662,H. sapiens,"M4300, Bass Strait",1265,0.009,-39.66805556,143.8333333
661,H. sapiens,Culoz I,1535,0.009,45.84861111,5.781666667
660,H. sapiens,Culoz II,1644,0.009,45.84861111,5.781666667
659,H. sapiens,Gamble's Cave 4,1470,0.0082,-1.04948,36.33352
658,H. sapiens,Gamble's Cave 5,1530,0.0082,-1.04948,36.33352
657,H. sapiens,Mai Da Dieu,1271,0.008,20.333,105.25
656,H. sapiens,Teviec 9,1420,0.008,47.55611111,-3.165277778
655,H. sapiens,Teviec 16,1428,0.008,47.55611111,-3.165277778
654,H. sapiens,Teviec 8,1430,0.008,47.55611111,-3.165277778
653,H. sapiens,Gramat,1861,0.008,44.7510476,1.69063244
652,H. sapiens,Song Terus,1570,0.0075,-8.043888889,110.7761111
650,H. sapiens,Fish Hoek 1,1600,0.0072,-34.136,18.43
649,H. sapiens,Punin,1275,0.007,-1.76509232,-78.65568044
648,H. sapiens,"Haverty 7, CA",1310,0.007,33.9953,-118.364
647,H. sapiens,"Haverty 5, CA",1380,0.007,33.9953,-118.364
646,H. sapiens,Lake Nitchie,1510,0.007,-33.45922621,141.8418861
645,H. sapiens,Montclus,1687,0.007,44.26055556,4.419722222
641,H. sapiens,Lansing,1537.5,0.0055,39.2486,-94.8919
644,H. sapiens,"Columnata, Algeria",1351,0.0055,35.66666667,1.95
643,H. sapiens,"Columnata, Algeria",1426,0.0055,35.66666667,1.95
642,H. sapiens,"Columnata, Algeria",1498,0.0055,35.66666667,1.95
640,H. sapiens,"Hutton, Somerset",1415,0.005,51.32193056,-2.926988889
639,H. sapiens,Asselar,1520,0.005,19.11666667,1.75
638,H. sapiens,Urtiaga A,1510,0.0035,43.276,-2.33
637,H. sapiens,Urtiaga B,1579,0.0035,43.276,-2.33
636,H. sapiens,Sauveterre,1769,0.0034,44.58944444,1.014722222
634,H. sapiens,Danes' Graves 1,1325,0.00225,54.0555,-0.446203
635,H. sapiens,Danes' Graves 7,1325,0.00225,54.0555,-0.446203
632,H. sapiens,"Glastonbury, Somerset",1468,0.002,51.1475,-2.7175
633,H. sapiens,"Langwith, Derbyshire",1250,0.002,53.2167,-1.23333
631,H. sapiens,Elmenteita B,1585,0.002,-0.446,36.244
630,H. sapiens,Loulan LT 03,1230,0.00175,40.52763333,89.84064444
629,H. sapiens,Loulan,1265,0.00175,40.52763333,89.84064444
621,H. sapiens,Bambandyanalo,1565.1,0.00106,-22.1925,29.23888889
627,H. sapiens,Bambandyanalo,1280,0.00106,-22.1925,29.23888889
626,H. sapiens,Bambandyanalo,1316.8,0.00106,-22.1925,29.23888889
625,H. sapiens,Bambandyanalo,1341.6,0.00106,-22.1925,29.23888889
624,H. sapiens,Bambandyanalo,1384.5,0.00106,-22.1925,29.23888889
623,H. sapiens,Bambandyanalo,1402.7,0.00106,-22.1925,29.23888889
622,H. sapiens,Bambandyanalo,1563,0.00106,-22.1925,29.23888889
611,H. sapiens,Pecos,1285,0.001,35.55,-105.689444
593,H. sapiens,Pecos,1500,0.001,35.55,-105.689444
619,H. sapiens,Pecos,1100,0.001,35.55,-105.689444
618,H. sapiens,Pecos,1120,0.001,35.55,-105.689444
617,H. sapiens,Pecos,1140,0.001,35.55,-105.689444
616,H. sapiens,Pecos,1155,0.001,35.55,-105.689444
615,H. sapiens,Pecos,1178,0.001,35.55,-105.689444
614,H. sapiens,Pecos,1190,0.001,35.55,-105.689444
613,H. sapiens,Pecos,1270,0.001,35.55,-105.689444
612,H. sapiens,Pecos,1275,0.001,35.55,-105.689444
591,H. sapiens,Mupungubue,1591,0.001,-22.1925,29.23888889
610,H. sapiens,Pecos,1300,0.001,35.55,-105.689444
609,H. sapiens,Pecos,1300,0.001,35.55,-105.689444
608,H. sapiens,Pecos,1300,0.001,35.55,-105.689444
607,H. sapiens,Pecos,1320,0.001,35.55,-105.689444
606,H. sapiens,Pecos,1325,0.001,35.55,-105.689444
605,H. sapiens,Pecos,1340,0.001,35.55,-105.689444
604,H. sapiens,Pecos,1350,0.001,35.55,-105.689444
603,H. sapiens,Pecos,1350,0.001,35.55,-105.689444
602,H. sapiens,Pecos,1350,0.001,35.55,-105.689444
601,H. sapiens,Pecos,1350,0.001,35.55,-105.689444
600,H. sapiens,Pecos,1380,0.001,35.55,-105.689444
599,H. sapiens,Pecos,1380,0.001,35.55,-105.689444
598,H. sapiens,Pecos,1390,0.001,35.55,-105.689444
597,H. sapiens,Pecos,1400,0.001,35.55,-105.689444
596,H. sapiens,Pecos,1410,0.001,35.55,-105.689444
595,H. sapiens,Pecos,1440,0.001,35.55,-105.689444
594,H. sapiens,Pecos,1465,0.001,35.55,-105.689444
620,H. sapiens,Pecos,1030,0.001,35.55,-105.689444
592,H. sapiens,Pecos,1550,0.001,35.55,-105.689444
590,H. sapiens,Dias Negress,1535,0.00099,-26.64777778,15.15777778
589,H. sapiens,Bristol 3,1381,0.00075,51.45361111,-2.5975
588,H. sapiens,Bristol 7,1390,0.00075,51.45361111,-2.5975
587,H. sapiens,Bristol 9,1422,0.00075,51.45361111,-2.5975
586,H. sapiens,Bristol 1,1526,0.00075,51.45361111,-2.5975
585,H. sapiens,Bristol 4,1608,0.00075,51.45361111,-2.5975
584,H. sapiens,Bristol 11,1655,0.00075,51.45361111,-2.5975
583,H. sapiens,Bristol 10,1688,0.00075,51.45361111,-2.5975
582,H. sapiens,Bristol 2,1859,0.00075,51.45361111,-2.5975
580,H. sapiens,Cape Flats,1230,0.00015,-34,18.66666667
